sample,fastq_1,fastq_2,strandedness
HDLI_V_A_3,/proj/uppstore2017185/b2014034/private/raw_data/Vanessa/Vcardui_RNA_migration/P20253/P20253_128/02-FASTQ/210813_A00621_0463_BHCYNTDSX2/P20253_128_S8_L001_R1_001.fastq.gz,/proj/uppstore2017185/b2014034/private/raw_data/Vanessa/Vcardui_RNA_migration/P20253/P20253_128/02-FASTQ/210813_A00621_0463_BHCYNTDSX2/P20253_128_S8_L001_R2_001.fastq.gz,unstranded
LDAL_PF_A_4,/proj/uppstore2017185/b2014034/private/raw_data/Vanessa/Vcardui_RNA_migration/P20253/P20253_246/02-FASTQ/210813_A00621_0463_BHCYNTDSX2/P20253_246_S46_L001_R1_001.fastq.gz,/proj/uppstore2017185/b2014034/private/raw_data/Vanessa/Vcardui_RNA_migration/P20253/P20253_246/02-FASTQ/210813_A00621_0463_BHCYNTDSX2/P20253_246_S46_L001_R2_001.fastq.gz,unstranded
HDLI_PM_A_1,/proj/uppstore2017185/b2014034/private/raw_data/Vanessa/Vcardui_RNA_migration/P20253/P20253_218/02-FASTQ/210813_A00621_0463_BHCYNTDSX2/P20253_218_S141_L002_R1_001.fastq.gz,/proj/uppstore2017185/b2014034/private/raw_data/Vanessa/Vcardui_RNA_migration/P20253/P20253_218/02-FASTQ/210813_A00621_0463_BHCYNTDSX2/P20253_218_S141_L002_R2_001.fastq.gz,unstranded
HDLI_III_A_18,/proj/uppstore2017185/b2014034/private/raw_data/Vanessa/Vcardui_RNA_migration/P20253/P20253_124/02-FASTQ/210813_A00621_0463_BHCYNTDSX2/P20253_124_S6_L001_R1_001.fastq.gz,/proj/uppstore2017185/b2014034/private/raw_data/Vanessa/Vcardui_RNA_migration/P20253/P20253_124/02-FASTQ/210813_A00621_0463_BHCYNTDSX2/P20253_124_S6_L001_R2_001.fastq.gz,unstranded
HDLI_III_A_3,/proj/uppstore2017185/b2014034/private/raw_data/Vanessa/Vcardui_RNA_migration/P20253/P20253_120/02-FASTQ/210813_A00621_0463_BHCYNTDSX2/P20253_120_S89_L002_R1_001.fastq.gz,/proj/uppstore2017185/b2014034/private/raw_data/Vanessa/Vcardui_RNA_migration/P20253/P20253_120/02-FASTQ/210813_A00621_0463_BHCYNTDSX2/P20253_120_S89_L002_R2_001.fastq.gz,unstranded
HDAL_ADF_A_1,/proj/uppstore2017185/b2014034/private/raw_data/Vanessa/Vcardui_RNA_migration/P20253/P20253_254/02-FASTQ/210813_A00621_0463_BHCYNTDSX2/P20253_254_S54_L001_R1_001.fastq.gz,/proj/uppstore2017185/b2014034/private/raw_data/Vanessa/Vcardui_RNA_migration/P20253/P20253_254/02-FASTQ/210813_A00621_0463_BHCYNTDSX2/P20253_254_S54_L001_R2_001.fastq.gz,unstranded
HDAL_PMA_H_1,/proj/uppstore2017185/b2014034/private/raw_data/Vanessa/Vcardui_RNA_migration/P20253/P20253_201/02-FASTQ/210813_A00621_0463_BHCYNTDSX2/P20253_201_S124_L002_R1_001.fastq.gz,/proj/uppstore2017185/b2014034/private/raw_data/Vanessa/Vcardui_RNA_migration/P20253/P20253_201/02-FASTQ/210813_A00621_0463_BHCYNTDSX2/P20253_201_S124_L002_R2_001.fastq.gz,unstranded
HDAL_III_A_1,/proj/uppstore2017185/b2014034/private/raw_data/Vanessa/Vcardui_RNA_migration/P20253/P20253_102/02-FASTQ/210813_A00621_0463_BHCYNTDSX2/P20253_102_S74_L002_R1_001.fastq.gz,/proj/uppstore2017185/b2014034/private/raw_data/Vanessa/Vcardui_RNA_migration/P20253/P20253_102/02-FASTQ/210813_A00621_0463_BHCYNTDSX2/P20253_102_S74_L002_R2_001.fastq.gz,unstranded
HDLI_V_A_1,/proj/uppstore2017185/b2014034/private/raw_data/Vanessa/Vcardui_RNA_migration/P20253/P20253_126/02-FASTQ/210813_A00621_0463_BHCYNTDSX2/P20253_126_S91_L002_R1_001.fastq.gz,/proj/uppstore2017185/b2014034/private/raw_data/Vanessa/Vcardui_RNA_migration/P20253/P20253_126/02-FASTQ/210813_A00621_0463_BHCYNTDSX2/P20253_126_S91_L002_R2_001.fastq.gz,unstranded
LI_ADF_H_8,/proj/uppstore2017185/b2014034/private/raw_data/Vanessa/Vcardui_RNA_migration/P20253/P20253_159/02-FASTQ/210813_A00621_0463_BHCYNTDSX2/P20253_159_S112_L002_R1_001.fastq.gz,/proj/uppstore2017185/b2014034/private/raw_data/Vanessa/Vcardui_RNA_migration/P20253/P20253_159/02-FASTQ/210813_A00621_0463_BHCYNTDSX2/P20253_159_S112_L002_R2_001.fastq.gz,unstranded
HDLI_PM_A_3,/proj/uppstore2017185/b2014034/private/raw_data/Vanessa/Vcardui_RNA_migration/P20253/P20253_220/02-FASTQ/210813_A00621_0463_BHCYNTDSX2/P20253_220_S143_L002_R1_001.fastq.gz,/proj/uppstore2017185/b2014034/private/raw_data/Vanessa/Vcardui_RNA_migration/P20253/P20253_220/02-FASTQ/210813_A00621_0463_BHCYNTDSX2/P20253_220_S143_L002_R2_001.fastq.gz,unstranded
HDLI_III_A_1,/proj/uppstore2017185/b2014034/private/raw_data/Vanessa/Vcardui_RNA_migration/P20253/P20253_118/02-FASTQ/210813_A00621_0463_BHCYNTDSX2/P20253_118_S87_L002_R1_001.fastq.gz,/proj/uppstore2017185/b2014034/private/raw_data/Vanessa/Vcardui_RNA_migration/P20253/P20253_118/02-FASTQ/210813_A00621_0463_BHCYNTDSX2/P20253_118_S87_L002_R2_001.fastq.gz,unstranded
HDAL_ADF_A_3,/proj/uppstore2017185/b2014034/private/raw_data/Vanessa/Vcardui_RNA_migration/P20253/P20253_256/02-FASTQ/210813_A00621_0463_BHCYNTDSX2/P20253_256_S56_L001_R1_001.fastq.gz,/proj/uppstore2017185/b2014034/private/raw_data/Vanessa/Vcardui_RNA_migration/P20253/P20253_256/02-FASTQ/210813_A00621_0463_BHCYNTDSX2/P20253_256_S56_L001_R2_001.fastq.gz,unstranded
HDAL_PMB_A_1,/proj/uppstore2017185/b2014034/private/raw_data/Vanessa/Vcardui_RNA_migration/P20253/P20253_204/02-FASTQ/210813_A00621_0463_BHCYNTDSX2/P20253_204_S127_L002_R1_001.fastq.gz,/proj/uppstore2017185/b2014034/private/raw_data/Vanessa/Vcardui_RNA_migration/P20253/P20253_204/02-FASTQ/210813_A00621_0463_BHCYNTDSX2/P20253_204_S127_L002_R2_001.fastq.gz,unstranded
HDAL_III_A_3,/proj/uppstore2017185/b2014034/private/raw_data/Vanessa/Vcardui_RNA_migration/P20253/P20253_104/02-FASTQ/210813_A00621_0463_BHCYNTDSX2/P20253_104_S1_L001_R1_001.fastq.gz,/proj/uppstore2017185/b2014034/private/raw_data/Vanessa/Vcardui_RNA_migration/P20253/P20253_104/02-FASTQ/210813_A00621_0463_BHCYNTDSX2/P20253_104_S1_L001_R2_001.fastq.gz,unstranded
LDAL_PF_A_1,/proj/uppstore2017185/b2014034/private/raw_data/Vanessa/Vcardui_RNA_migration/P20253/P20253_242/02-FASTQ/210813_A00621_0463_BHCYNTDSX2/P20253_242_S42_L001_R1_001.fastq.gz,/proj/uppstore2017185/b2014034/private/raw_data/Vanessa/Vcardui_RNA_migration/P20253/P20253_242/02-FASTQ/210813_A00621_0463_BHCYNTDSX2/P20253_242_S42_L001_R2_001.fastq.gz,unstranded
LDAL_III_H_18,/proj/uppstore2017185/b2014034/private/raw_data/Vanessa/Vcardui_RNA_migration/P20253/P20253_139/02-FASTQ/210813_A00621_0463_BHCYNTDSX2/P20253_139_S96_L002_R1_001.fastq.gz,/proj/uppstore2017185/b2014034/private/raw_data/Vanessa/Vcardui_RNA_migration/P20253/P20253_139/02-FASTQ/210813_A00621_0463_BHCYNTDSX2/P20253_139_S96_L002_R2_001.fastq.gz,unstranded
HDLI_PM_A_4,/proj/uppstore2017185/b2014034/private/raw_data/Vanessa/Vcardui_RNA_migration/P20253/P20253_222/02-FASTQ/210813_A00621_0463_BHCYNTDSX2/P20253_222_S145_L002_R1_001.fastq.gz,/proj/uppstore2017185/b2014034/private/raw_data/Vanessa/Vcardui_RNA_migration/P20253/P20253_222/02-FASTQ/210813_A00621_0463_BHCYNTDSX2/P20253_222_S145_L002_R2_001.fastq.gz,unstranded
HDAL_V_A_18,/proj/uppstore2017185/b2014034/private/raw_data/Vanessa/Vcardui_RNA_migration/P20253/P20253_116/02-FASTQ/210813_A00621_0463_BHCYNTDSX2/P20253_116_S85_L002_R1_001.fastq.gz,/proj/uppstore2017185/b2014034/private/raw_data/Vanessa/Vcardui_RNA_migration/P20253/P20253_116/02-FASTQ/210813_A00621_0463_BHCYNTDSX2/P20253_116_S85_L002_R2_001.fastq.gz,unstranded
HDAL_III_A_4,/proj/uppstore2017185/b2014034/private/raw_data/Vanessa/Vcardui_RNA_migration/P20253/P20253_106/02-FASTQ/210813_A00621_0463_BHCYNTDSX2/P20253_106_S76_L002_R1_001.fastq.gz,/proj/uppstore2017185/b2014034/private/raw_data/Vanessa/Vcardui_RNA_migration/P20253/P20253_106/02-FASTQ/210813_A00621_0463_BHCYNTDSX2/P20253_106_S76_L002_R2_001.fastq.gz,unstranded
LDAL_PM_A_18,/proj/uppstore2017185/b2014034/private/raw_data/Vanessa/Vcardui_RNA_migration/P20253/P20253_240/02-FASTQ/210813_A00621_0463_BHCYNTDSX2/P20253_240_S40_L001_R1_001.fastq.gz,/proj/uppstore2017185/b2014034/private/raw_data/Vanessa/Vcardui_RNA_migration/P20253/P20253_240/02-FASTQ/210813_A00621_0463_BHCYNTDSX2/P20253_240_S40_L001_R2_001.fastq.gz,unstranded
LDAL_PF_A_3,/proj/uppstore2017185/b2014034/private/raw_data/Vanessa/Vcardui_RNA_migration/P20253/P20253_244/02-FASTQ/210813_A00621_0463_BHCYNTDSX2/P20253_244_S44_L001_R1_001.fastq.gz,/proj/uppstore2017185/b2014034/private/raw_data/Vanessa/Vcardui_RNA_migration/P20253/P20253_244/02-FASTQ/210813_A00621_0463_BHCYNTDSX2/P20253_244_S44_L001_R2_001.fastq.gz,unstranded
HDLI_III_A_4,/proj/uppstore2017185/b2014034/private/raw_data/Vanessa/Vcardui_RNA_migration/P20253/P20253_122/02-FASTQ/210813_A00621_0463_BHCYNTDSX2/P20253_122_S4_L001_R1_001.fastq.gz,/proj/uppstore2017185/b2014034/private/raw_data/Vanessa/Vcardui_RNA_migration/P20253/P20253_122/02-FASTQ/210813_A00621_0463_BHCYNTDSX2/P20253_122_S4_L001_R2_001.fastq.gz,unstranded
LDAL_PF_H_18,/proj/uppstore2017185/b2014034/private/raw_data/Vanessa/Vcardui_RNA_migration/P20253/P20253_247/02-FASTQ/210813_A00621_0463_BHCYNTDSX2/P20253_247_S47_L001_R1_001.fastq.gz,/proj/uppstore2017185/b2014034/private/raw_data/Vanessa/Vcardui_RNA_migration/P20253/P20253_247/02-FASTQ/210813_A00621_0463_BHCYNTDSX2/P20253_247_S47_L001_R2_001.fastq.gz,unstranded
HDLI_V_A_4,/proj/uppstore2017185/b2014034/private/raw_data/Vanessa/Vcardui_RNA_migration/P20253/P20253_130/02-FASTQ/210813_A00621_0463_BHCYNTDSX2/P20253_130_S10_L001_R1_001.fastq.gz,/proj/uppstore2017185/b2014034/private/raw_data/Vanessa/Vcardui_RNA_migration/P20253/P20253_130/02-FASTQ/210813_A00621_0463_BHCYNTDSX2/P20253_130_S10_L001_R2_001.fastq.gz,unstranded
LI_ADF_H_16,/proj/uppstore2017185/b2014034/private/raw_data/Vanessa/Vcardui_RNA_migration/P20253/P20253_167/02-FASTQ/210813_A00621_0463_BHCYNTDSX2/P20253_167_S119_L002_R1_001.fastq.gz,/proj/uppstore2017185/b2014034/private/raw_data/Vanessa/Vcardui_RNA_migration/P20253/P20253_167/02-FASTQ/210813_A00621_0463_BHCYNTDSX2/P20253_167_S119_L002_R2_001.fastq.gz,unstranded
LDAL_ADMA_H_3,/proj/uppstore2017185/b2014034/private/raw_data/Vanessa/Vcardui_RNA_migration/P20253/P20253_261/02-FASTQ/210813_A00621_0463_BHCYNTDSX2/P20253_261_S61_L001_R1_001.fastq.gz,/proj/uppstore2017185/b2014034/private/raw_data/Vanessa/Vcardui_RNA_migration/P20253/P20253_261/02-FASTQ/210813_A00621_0463_BHCYNTDSX2/P20253_261_S61_L001_R2_001.fastq.gz,unstranded
LI_ADF_H_14,/proj/uppstore2017185/b2014034/private/raw_data/Vanessa/Vcardui_RNA_migration/P20253/P20253_165/02-FASTQ/210813_A00621_0463_BHCYNTDSX2/P20253_165_S118_L002_R1_001.fastq.gz,/proj/uppstore2017185/b2014034/private/raw_data/Vanessa/Vcardui_RNA_migration/P20253/P20253_165/02-FASTQ/210813_A00621_0463_BHCYNTDSX2/P20253_165_S118_L002_R2_001.fastq.gz,unstranded
LDAL_ADMB_H_3,/proj/uppstore2017185/b2014034/private/raw_data/Vanessa/Vcardui_RNA_migration/P20253/P20253_263/02-FASTQ/210813_A00621_0463_BHCYNTDSX2/P20253_263_S62_L001_R1_001.fastq.gz,/proj/uppstore2017185/b2014034/private/raw_data/Vanessa/Vcardui_RNA_migration/P20253/P20253_263/02-FASTQ/210813_A00621_0463_BHCYNTDSX2/P20253_263_S62_L001_R2_001.fastq.gz,unstranded
LDAL_PM_H_4,/proj/uppstore2017185/b2014034/private/raw_data/Vanessa/Vcardui_RNA_migration/P20253/P20253_237/02-FASTQ/210813_A00621_0463_BHCYNTDSX2/P20253_237_S37_L001_R1_001.fastq.gz,/proj/uppstore2017185/b2014034/private/raw_data/Vanessa/Vcardui_RNA_migration/P20253/P20253_237/02-FASTQ/210813_A00621_0463_BHCYNTDSX2/P20253_237_S37_L001_R2_001.fastq.gz,unstranded
LI_ADF_H_12,/proj/uppstore2017185/b2014034/private/raw_data/Vanessa/Vcardui_RNA_migration/P20253/P20253_163/02-FASTQ/210813_A00621_0463_BHCYNTDSX2/P20253_163_S116_L002_R1_001.fastq.gz,/proj/uppstore2017185/b2014034/private/raw_data/Vanessa/Vcardui_RNA_migration/P20253/P20253_163/02-FASTQ/210813_A00621_0463_BHCYNTDSX2/P20253_163_S116_L002_R2_001.fastq.gz,unstranded
LDAL_PM_H_3,/proj/uppstore2017185/b2014034/private/raw_data/Vanessa/Vcardui_RNA_migration/P20253/P20253_235/02-FASTQ/210813_A00621_0463_BHCYNTDSX2/P20253_235_S35_L001_R1_001.fastq.gz,/proj/uppstore2017185/b2014034/private/raw_data/Vanessa/Vcardui_RNA_migration/P20253/P20253_235/02-FASTQ/210813_A00621_0463_BHCYNTDSX2/P20253_235_S35_L001_R2_001.fastq.gz,unstranded
HDLI_ADM_A_18,/proj/uppstore2017185/b2014034/private/raw_data/Vanessa/Vcardui_RNA_migration/P20253/P20253_172/02-FASTQ/210813_A00621_0463_BHCYNTDSX2/P20253_172_S20_L001_R1_001.fastq.gz,/proj/uppstore2017185/b2014034/private/raw_data/Vanessa/Vcardui_RNA_migration/P20253/P20253_172/02-FASTQ/210813_A00621_0463_BHCYNTDSX2/P20253_172_S20_L001_R2_001.fastq.gz,unstranded
AL_ADF_H_11,/proj/uppstore2017185/b2014034/private/raw_data/Vanessa/Vcardui_RNA_migration/P20253/P20253_155/02-FASTQ/210813_A00621_0463_BHCYNTDSX2/P20253_155_S110_L002_R1_001.fastq.gz,/proj/uppstore2017185/b2014034/private/raw_data/Vanessa/Vcardui_RNA_migration/P20253/P20253_155/02-FASTQ/210813_A00621_0463_BHCYNTDSX2/P20253_155_S110_L002_R2_001.fastq.gz,unstranded
HDLI_ADF_A_18,/proj/uppstore2017185/b2014034/private/raw_data/Vanessa/Vcardui_RNA_migration/P20253/P20253_176/02-FASTQ/210813_A00621_0463_BHCYNTDSX2/P20253_176_S123_L002_R1_001.fastq.gz,/proj/uppstore2017185/b2014034/private/raw_data/Vanessa/Vcardui_RNA_migration/P20253/P20253_176/02-FASTQ/210813_A00621_0463_BHCYNTDSX2/P20253_176_S123_L002_R2_001.fastq.gz,unstranded
LI_ADF_H_10,/proj/uppstore2017185/b2014034/private/raw_data/Vanessa/Vcardui_RNA_migration/P20253/P20253_161/02-FASTQ/210813_A00621_0463_BHCYNTDSX2/P20253_161_S114_L002_R1_001.fastq.gz,/proj/uppstore2017185/b2014034/private/raw_data/Vanessa/Vcardui_RNA_migration/P20253/P20253_161/02-FASTQ/210813_A00621_0463_BHCYNTDSX2/P20253_161_S114_L002_R2_001.fastq.gz,unstranded
LDAL_PM_H_1,/proj/uppstore2017185/b2014034/private/raw_data/Vanessa/Vcardui_RNA_migration/P20253/P20253_233/02-FASTQ/210813_A00621_0463_BHCYNTDSX2/P20253_233_S33_L001_R1_001.fastq.gz,/proj/uppstore2017185/b2014034/private/raw_data/Vanessa/Vcardui_RNA_migration/P20253/P20253_233/02-FASTQ/210813_A00621_0463_BHCYNTDSX2/P20253_233_S33_L001_R2_001.fastq.gz,unstranded
LDAL_ADF_A_4,/proj/uppstore2017185/b2014034/private/raw_data/Vanessa/Vcardui_RNA_migration/P20253/P20253_272/02-FASTQ/210813_A00621_0463_BHCYNTDSX2/P20253_272_S70_L001_R1_001.fastq.gz,/proj/uppstore2017185/b2014034/private/raw_data/Vanessa/Vcardui_RNA_migration/P20253/P20253_272/02-FASTQ/210813_A00621_0463_BHCYNTDSX2/P20253_272_S70_L001_R2_001.fastq.gz,unstranded
LI_ADF_A_10,/proj/uppstore2017185/b2014034/private/raw_data/Vanessa/Vcardui_RNA_migration/P20253/P20253_162/02-FASTQ/210813_A00621_0463_BHCYNTDSX2/P20253_162_S115_L002_R1_001.fastq.gz,/proj/uppstore2017185/b2014034/private/raw_data/Vanessa/Vcardui_RNA_migration/P20253/P20253_162/02-FASTQ/210813_A00621_0463_BHCYNTDSX2/P20253_162_S115_L002_R2_001.fastq.gz,unstranded
LDAL_V_H_1,/proj/uppstore2017185/b2014034/private/raw_data/Vanessa/Vcardui_RNA_migration/P20253/P20253_141/02-FASTQ/210813_A00621_0463_BHCYNTDSX2/P20253_141_S98_L002_R1_001.fastq.gz,/proj/uppstore2017185/b2014034/private/raw_data/Vanessa/Vcardui_RNA_migration/P20253/P20253_141/02-FASTQ/210813_A00621_0463_BHCYNTDSX2/P20253_141_S98_L002_R2_001.fastq.gz,unstranded
LDAL_III_H_4,/proj/uppstore2017185/b2014034/private/raw_data/Vanessa/Vcardui_RNA_migration/P20253/P20253_137/02-FASTQ/210813_A00621_0463_BHCYNTDSX2/P20253_137_S14_L001_R1_001.fastq.gz,/proj/uppstore2017185/b2014034/private/raw_data/Vanessa/Vcardui_RNA_migration/P20253/P20253_137/02-FASTQ/210813_A00621_0463_BHCYNTDSX2/P20253_137_S14_L001_R2_001.fastq.gz,unstranded
HDAL_PF_H_1,/proj/uppstore2017185/b2014034/private/raw_data/Vanessa/Vcardui_RNA_migration/P20253/P20253_209/02-FASTQ/210813_A00621_0463_BHCYNTDSX2/P20253_209_S132_L002_R1_001.fastq.gz,/proj/uppstore2017185/b2014034/private/raw_data/Vanessa/Vcardui_RNA_migration/P20253/P20253_209/02-FASTQ/210813_A00621_0463_BHCYNTDSX2/P20253_209_S132_L002_R2_001.fastq.gz,unstranded
HDAL_V_A_4,/proj/uppstore2017185/b2014034/private/raw_data/Vanessa/Vcardui_RNA_migration/P20253/P20253_114/02-FASTQ/210813_A00621_0463_BHCYNTDSX2/P20253_114_S83_L002_R1_001.fastq.gz,/proj/uppstore2017185/b2014034/private/raw_data/Vanessa/Vcardui_RNA_migration/P20253/P20253_114/02-FASTQ/210813_A00621_0463_BHCYNTDSX2/P20253_114_S83_L002_R2_001.fastq.gz,unstranded
AL_ADF_H_7,/proj/uppstore2017185/b2014034/private/raw_data/Vanessa/Vcardui_RNA_migration/P20253/P20253_151/02-FASTQ/210813_A00621_0463_BHCYNTDSX2/P20253_151_S107_L002_R1_001.fastq.gz,/proj/uppstore2017185/b2014034/private/raw_data/Vanessa/Vcardui_RNA_migration/P20253/P20253_151/02-FASTQ/210813_A00621_0463_BHCYNTDSX2/P20253_151_S107_L002_R2_001.fastq.gz,unstranded
LI_ADF_A_12,/proj/uppstore2017185/b2014034/private/raw_data/Vanessa/Vcardui_RNA_migration/P20253/P20253_164/02-FASTQ/210813_A00621_0463_BHCYNTDSX2/P20253_164_S117_L002_R1_001.fastq.gz,/proj/uppstore2017185/b2014034/private/raw_data/Vanessa/Vcardui_RNA_migration/P20253/P20253_164/02-FASTQ/210813_A00621_0463_BHCYNTDSX2/P20253_164_S117_L002_R2_001.fastq.gz,unstranded
LDAL_V_H_3,/proj/uppstore2017185/b2014034/private/raw_data/Vanessa/Vcardui_RNA_migration/P20253/P20253_143/02-FASTQ/210813_A00621_0463_BHCYNTDSX2/P20253_143_S100_L002_R1_001.fastq.gz,/proj/uppstore2017185/b2014034/private/raw_data/Vanessa/Vcardui_RNA_migration/P20253/P20253_143/02-FASTQ/210813_A00621_0463_BHCYNTDSX2/P20253_143_S100_L002_R2_001.fastq.gz,unstranded
HDAL_PF_H_3,/proj/uppstore2017185/b2014034/private/raw_data/Vanessa/Vcardui_RNA_migration/P20253/P20253_211/02-FASTQ/210813_A00621_0463_BHCYNTDSX2/P20253_211_S134_L002_R1_001.fastq.gz,/proj/uppstore2017185/b2014034/private/raw_data/Vanessa/Vcardui_RNA_migration/P20253/P20253_211/02-FASTQ/210813_A00621_0463_BHCYNTDSX2/P20253_211_S134_L002_R2_001.fastq.gz,unstranded
LDAL_V_H_4,/proj/uppstore2017185/b2014034/private/raw_data/Vanessa/Vcardui_RNA_migration/P20253/P20253_145/02-FASTQ/210813_A00621_0463_BHCYNTDSX2/P20253_145_S101_L002_R1_001.fastq.gz,/proj/uppstore2017185/b2014034/private/raw_data/Vanessa/Vcardui_RNA_migration/P20253/P20253_145/02-FASTQ/210813_A00621_0463_BHCYNTDSX2/P20253_145_S101_L002_R2_001.fastq.gz,unstranded
LDAL_III_H_1,/proj/uppstore2017185/b2014034/private/raw_data/Vanessa/Vcardui_RNA_migration/P20253/P20253_133/02-FASTQ/210813_A00621_0463_BHCYNTDSX2/P20253_133_S93_L002_R1_001.fastq.gz,/proj/uppstore2017185/b2014034/private/raw_data/Vanessa/Vcardui_RNA_migration/P20253/P20253_133/02-FASTQ/210813_A00621_0463_BHCYNTDSX2/P20253_133_S93_L002_R2_001.fastq.gz,unstranded
HDAL_PF_H_4,/proj/uppstore2017185/b2014034/private/raw_data/Vanessa/Vcardui_RNA_migration/P20253/P20253_213/02-FASTQ/210813_A00621_0463_BHCYNTDSX2/P20253_213_S136_L002_R1_001.fastq.gz,/proj/uppstore2017185/b2014034/private/raw_data/Vanessa/Vcardui_RNA_migration/P20253/P20253_213/02-FASTQ/210813_A00621_0463_BHCYNTDSX2/P20253_213_S136_L002_R2_001.fastq.gz,unstranded
HDAL_V_A_1,/proj/uppstore2017185/b2014034/private/raw_data/Vanessa/Vcardui_RNA_migration/P20253/P20253_110/02-FASTQ/210813_A00621_0463_BHCYNTDSX2/P20253_110_S79_L002_R1_001.fastq.gz,/proj/uppstore2017185/b2014034/private/raw_data/Vanessa/Vcardui_RNA_migration/P20253/P20253_110/02-FASTQ/210813_A00621_0463_BHCYNTDSX2/P20253_110_S79_L002_R2_001.fastq.gz,unstranded
LI_ADF_A_14,/proj/uppstore2017185/b2014034/private/raw_data/Vanessa/Vcardui_RNA_migration/P20253/P20253_166/02-FASTQ/210813_A00621_0463_BHCYNTDSX2/P20253_166_S18_L001_R1_001.fastq.gz,/proj/uppstore2017185/b2014034/private/raw_data/Vanessa/Vcardui_RNA_migration/P20253/P20253_166/02-FASTQ/210813_A00621_0463_BHCYNTDSX2/P20253_166_S18_L001_R2_001.fastq.gz,unstranded
LDAL_ADF_A_1,/proj/uppstore2017185/b2014034/private/raw_data/Vanessa/Vcardui_RNA_migration/P20253/P20253_268/02-FASTQ/210813_A00621_0463_BHCYNTDSX2/P20253_268_S67_L001_R1_001.fastq.gz,/proj/uppstore2017185/b2014034/private/raw_data/Vanessa/Vcardui_RNA_migration/P20253/P20253_268/02-FASTQ/210813_A00621_0463_BHCYNTDSX2/P20253_268_S67_L001_R2_001.fastq.gz,unstranded
AL_ADF_A_19,/proj/uppstore2017185/b2014034/private/raw_data/Vanessa/Vcardui_RNA_migration/P20253/P20253_158/02-FASTQ/210813_A00621_0463_BHCYNTDSX2/P20253_158_S17_L001_R1_001.fastq.gz,/proj/uppstore2017185/b2014034/private/raw_data/Vanessa/Vcardui_RNA_migration/P20253/P20253_158/02-FASTQ/210813_A00621_0463_BHCYNTDSX2/P20253_158_S17_L001_R2_001.fastq.gz,unstranded
AL_ADF_H_3,/proj/uppstore2017185/b2014034/private/raw_data/Vanessa/Vcardui_RNA_migration/P20253/P20253_149/02-FASTQ/210813_A00621_0463_BHCYNTDSX2/P20253_149_S105_L002_R1_001.fastq.gz,/proj/uppstore2017185/b2014034/private/raw_data/Vanessa/Vcardui_RNA_migration/P20253/P20253_149/02-FASTQ/210813_A00621_0463_BHCYNTDSX2/P20253_149_S105_L002_R2_001.fastq.gz,unstranded
LDAL_III_H_3,/proj/uppstore2017185/b2014034/private/raw_data/Vanessa/Vcardui_RNA_migration/P20253/P20253_135/02-FASTQ/210813_A00621_0463_BHCYNTDSX2/P20253_135_S12_L001_R1_001.fastq.gz,/proj/uppstore2017185/b2014034/private/raw_data/Vanessa/Vcardui_RNA_migration/P20253/P20253_135/02-FASTQ/210813_A00621_0463_BHCYNTDSX2/P20253_135_S12_L001_R2_001.fastq.gz,unstranded
HDAL_V_A_3,/proj/uppstore2017185/b2014034/private/raw_data/Vanessa/Vcardui_RNA_migration/P20253/P20253_112/02-FASTQ/210813_A00621_0463_BHCYNTDSX2/P20253_112_S81_L002_R1_001.fastq.gz,/proj/uppstore2017185/b2014034/private/raw_data/Vanessa/Vcardui_RNA_migration/P20253/P20253_112/02-FASTQ/210813_A00621_0463_BHCYNTDSX2/P20253_112_S81_L002_R2_001.fastq.gz,unstranded
LI_ADF_A_16,/proj/uppstore2017185/b2014034/private/raw_data/Vanessa/Vcardui_RNA_migration/P20253/P20253_168/02-FASTQ/210813_A00621_0463_BHCYNTDSX2/P20253_168_S120_L002_R1_001.fastq.gz,/proj/uppstore2017185/b2014034/private/raw_data/Vanessa/Vcardui_RNA_migration/P20253/P20253_168/02-FASTQ/210813_A00621_0463_BHCYNTDSX2/P20253_168_S120_L002_R2_001.fastq.gz,unstranded
LDAL_III_A_18,/proj/uppstore2017185/b2014034/private/raw_data/Vanessa/Vcardui_RNA_migration/P20253/P20253_140/02-FASTQ/210813_A00621_0463_BHCYNTDSX2/P20253_140_S97_L002_R1_001.fastq.gz,/proj/uppstore2017185/b2014034/private/raw_data/Vanessa/Vcardui_RNA_migration/P20253/P20253_140/02-FASTQ/210813_A00621_0463_BHCYNTDSX2/P20253_140_S97_L002_R2_001.fastq.gz,unstranded
HDAL_V_H_18,/proj/uppstore2017185/b2014034/private/raw_data/Vanessa/Vcardui_RNA_migration/P20253/P20253_115/02-FASTQ/210813_A00621_0463_BHCYNTDSX2/P20253_115_S84_L002_R1_001.fastq.gz,/proj/uppstore2017185/b2014034/private/raw_data/Vanessa/Vcardui_RNA_migration/P20253/P20253_115/02-FASTQ/210813_A00621_0463_BHCYNTDSX2/P20253_115_S84_L002_R2_001.fastq.gz,unstranded
HDLI_PM_H_18,/proj/uppstore2017185/b2014034/private/raw_data/Vanessa/Vcardui_RNA_migration/P20253/P20253_223/02-FASTQ/210813_A00621_0463_BHCYNTDSX2/P20253_223_S24_L001_R1_001.fastq.gz,/proj/uppstore2017185/b2014034/private/raw_data/Vanessa/Vcardui_RNA_migration/P20253/P20253_223/02-FASTQ/210813_A00621_0463_BHCYNTDSX2/P20253_223_S24_L001_R2_001.fastq.gz,unstranded
HDAL_ADF_H_18,/proj/uppstore2017185/b2014034/private/raw_data/Vanessa/Vcardui_RNA_migration/P20253/P20253_257/02-FASTQ/210813_A00621_0463_BHCYNTDSX2/P20253_257_S57_L001_R1_001.fastq.gz,/proj/uppstore2017185/b2014034/private/raw_data/Vanessa/Vcardui_RNA_migration/P20253/P20253_257/02-FASTQ/210813_A00621_0463_BHCYNTDSX2/P20253_257_S57_L001_R2_001.fastq.gz,unstranded
HDAL_III_H_18,/proj/uppstore2017185/b2014034/private/raw_data/Vanessa/Vcardui_RNA_migration/P20253/P20253_107/02-FASTQ/210813_A00621_0463_BHCYNTDSX2/P20253_107_S77_L002_R1_001.fastq.gz,/proj/uppstore2017185/b2014034/private/raw_data/Vanessa/Vcardui_RNA_migration/P20253/P20253_107/02-FASTQ/210813_A00621_0463_BHCYNTDSX2/P20253_107_S77_L002_R2_001.fastq.gz,unstranded
HDLI_PF_H_3,/proj/uppstore2017185/b2014034/private/raw_data/Vanessa/Vcardui_RNA_migration/P20253/P20253_227/02-FASTQ/210813_A00621_0463_BHCYNTDSX2/P20253_227_S27_L001_R1_001.fastq.gz,/proj/uppstore2017185/b2014034/private/raw_data/Vanessa/Vcardui_RNA_migration/P20253/P20253_227/02-FASTQ/210813_A00621_0463_BHCYNTDSX2/P20253_227_S27_L001_R2_001.fastq.gz,unstranded
HDAL_PM_A_3,/proj/uppstore2017185/b2014034/private/raw_data/Vanessa/Vcardui_RNA_migration/P20253/P20253_206/02-FASTQ/210813_A00621_0463_BHCYNTDSX2/P20253_206_S129_L002_R1_001.fastq.gz,/proj/uppstore2017185/b2014034/private/raw_data/Vanessa/Vcardui_RNA_migration/P20253/P20253_206/02-FASTQ/210813_A00621_0463_BHCYNTDSX2/P20253_206_S129_L002_R2_001.fastq.gz,unstranded
LDAL_ADMB_A_3,/proj/uppstore2017185/b2014034/private/raw_data/Vanessa/Vcardui_RNA_migration/P20253/P20253_264/02-FASTQ/210813_A00621_0463_BHCYNTDSX2/P20253_264_S63_L001_R1_001.fastq.gz,/proj/uppstore2017185/b2014034/private/raw_data/Vanessa/Vcardui_RNA_migration/P20253/P20253_264/02-FASTQ/210813_A00621_0463_BHCYNTDSX2/P20253_264_S63_L001_R2_001.fastq.gz,unstranded
HDAL_ADM_H_1,/proj/uppstore2017185/b2014034/private/raw_data/Vanessa/Vcardui_RNA_migration/P20253/P20253_249/02-FASTQ/210813_A00621_0463_BHCYNTDSX2/P20253_249_S49_L001_R1_001.fastq.gz,/proj/uppstore2017185/b2014034/private/raw_data/Vanessa/Vcardui_RNA_migration/P20253/P20253_249/02-FASTQ/210813_A00621_0463_BHCYNTDSX2/P20253_249_S49_L001_R2_001.fastq.gz,unstranded
AL_ADF_H_9,/proj/uppstore2017185/b2014034/private/raw_data/Vanessa/Vcardui_RNA_migration/P20253/P20253_153/02-FASTQ/210813_A00621_0463_BHCYNTDSX2/P20253_153_S108_L002_R1_001.fastq.gz,/proj/uppstore2017185/b2014034/private/raw_data/Vanessa/Vcardui_RNA_migration/P20253/P20253_153/02-FASTQ/210813_A00621_0463_BHCYNTDSX2/P20253_153_S108_L002_R2_001.fastq.gz,unstranded
AL_ADF_A_11,/proj/uppstore2017185/b2014034/private/raw_data/Vanessa/Vcardui_RNA_migration/P20253/P20253_156/02-FASTQ/210813_A00621_0463_BHCYNTDSX2/P20253_156_S111_L002_R1_001.fastq.gz,/proj/uppstore2017185/b2014034/private/raw_data/Vanessa/Vcardui_RNA_migration/P20253/P20253_156/02-FASTQ/210813_A00621_0463_BHCYNTDSX2/P20253_156_S111_L002_R2_001.fastq.gz,unstranded
HDLI_PF_H_4,/proj/uppstore2017185/b2014034/private/raw_data/Vanessa/Vcardui_RNA_migration/P20253/P20253_229/02-FASTQ/210813_A00621_0463_BHCYNTDSX2/P20253_229_S29_L001_R1_001.fastq.gz,/proj/uppstore2017185/b2014034/private/raw_data/Vanessa/Vcardui_RNA_migration/P20253/P20253_229/02-FASTQ/210813_A00621_0463_BHCYNTDSX2/P20253_229_S29_L001_R2_001.fastq.gz,unstranded
HDLI_V_A_18,/proj/uppstore2017185/b2014034/private/raw_data/Vanessa/Vcardui_RNA_migration/P20253/P20253_132/02-FASTQ/210813_A00621_0463_BHCYNTDSX2/P20253_132_S11_L001_R1_001.fastq.gz,/proj/uppstore2017185/b2014034/private/raw_data/Vanessa/Vcardui_RNA_migration/P20253/P20253_132/02-FASTQ/210813_A00621_0463_BHCYNTDSX2/P20253_132_S11_L001_R2_001.fastq.gz,unstranded
LDAL_ADM_H_1,/proj/uppstore2017185/b2014034/private/raw_data/Vanessa/Vcardui_RNA_migration/P20253/P20253_259/02-FASTQ/210813_A00621_0463_BHCYNTDSX2/P20253_259_S59_L001_R1_001.fastq.gz,/proj/uppstore2017185/b2014034/private/raw_data/Vanessa/Vcardui_RNA_migration/P20253/P20253_259/02-FASTQ/210813_A00621_0463_BHCYNTDSX2/P20253_259_S59_L001_R2_001.fastq.gz,unstranded
LDAL_PF_H_4,/proj/uppstore2017185/b2014034/private/raw_data/Vanessa/Vcardui_RNA_migration/P20253/P20253_245/02-FASTQ/210813_A00621_0463_BHCYNTDSX2/P20253_245_S45_L001_R1_001.fastq.gz,/proj/uppstore2017185/b2014034/private/raw_data/Vanessa/Vcardui_RNA_migration/P20253/P20253_245/02-FASTQ/210813_A00621_0463_BHCYNTDSX2/P20253_245_S45_L001_R2_001.fastq.gz,unstranded
HDLI_PM_H_1,/proj/uppstore2017185/b2014034/private/raw_data/Vanessa/Vcardui_RNA_migration/P20253/P20253_217/02-FASTQ/210813_A00621_0463_BHCYNTDSX2/P20253_217_S140_L002_R1_001.fastq.gz,/proj/uppstore2017185/b2014034/private/raw_data/Vanessa/Vcardui_RNA_migration/P20253/P20253_217/02-FASTQ/210813_A00621_0463_BHCYNTDSX2/P20253_217_S140_L002_R2_001.fastq.gz,unstranded
HDLI_III_H_3,/proj/uppstore2017185/b2014034/private/raw_data/Vanessa/Vcardui_RNA_migration/P20253/P20253_119/02-FASTQ/210813_A00621_0463_BHCYNTDSX2/P20253_119_S88_L002_R1_001.fastq.gz,/proj/uppstore2017185/b2014034/private/raw_data/Vanessa/Vcardui_RNA_migration/P20253/P20253_119/02-FASTQ/210813_A00621_0463_BHCYNTDSX2/P20253_119_S88_L002_R2_001.fastq.gz,unstranded
HDAL_ADF_H_1,/proj/uppstore2017185/b2014034/private/raw_data/Vanessa/Vcardui_RNA_migration/P20253/P20253_253/02-FASTQ/210813_A00621_0463_BHCYNTDSX2/P20253_253_S53_L001_R1_001.fastq.gz,/proj/uppstore2017185/b2014034/private/raw_data/Vanessa/Vcardui_RNA_migration/P20253/P20253_253/02-FASTQ/210813_A00621_0463_BHCYNTDSX2/P20253_253_S53_L001_R2_001.fastq.gz,unstranded
HDAL_PMA_A_1,/proj/uppstore2017185/b2014034/private/raw_data/Vanessa/Vcardui_RNA_migration/P20253/P20253_202/02-FASTQ/210813_A00621_0463_BHCYNTDSX2/P20253_202_S125_L002_R1_001.fastq.gz,/proj/uppstore2017185/b2014034/private/raw_data/Vanessa/Vcardui_RNA_migration/P20253/P20253_202/02-FASTQ/210813_A00621_0463_BHCYNTDSX2/P20253_202_S125_L002_R2_001.fastq.gz,unstranded
HDAL_III_H_1,/proj/uppstore2017185/b2014034/private/raw_data/Vanessa/Vcardui_RNA_migration/P20253/P20253_101/02-FASTQ/210813_A00621_0463_BHCYNTDSX2/P20253_101_S73_L002_R1_001.fastq.gz,/proj/uppstore2017185/b2014034/private/raw_data/Vanessa/Vcardui_RNA_migration/P20253/P20253_101/02-FASTQ/210813_A00621_0463_BHCYNTDSX2/P20253_101_S73_L002_R2_001.fastq.gz,unstranded
HDLI_V_H_18,/proj/uppstore2017185/b2014034/private/raw_data/Vanessa/Vcardui_RNA_migration/P20253/P20253_131/02-FASTQ/210813_A00621_0463_BHCYNTDSX2/P20253_131_S92_L002_R1_001.fastq.gz,/proj/uppstore2017185/b2014034/private/raw_data/Vanessa/Vcardui_RNA_migration/P20253/P20253_131/02-FASTQ/210813_A00621_0463_BHCYNTDSX2/P20253_131_S92_L002_R2_001.fastq.gz,unstranded
HDLI_V_H_3,/proj/uppstore2017185/b2014034/private/raw_data/Vanessa/Vcardui_RNA_migration/P20253/P20253_127/02-FASTQ/210813_A00621_0463_BHCYNTDSX2/P20253_127_S7_L001_R1_001.fastq.gz,/proj/uppstore2017185/b2014034/private/raw_data/Vanessa/Vcardui_RNA_migration/P20253/P20253_127/02-FASTQ/210813_A00621_0463_BHCYNTDSX2/P20253_127_S7_L001_R2_001.fastq.gz,unstranded
LDAL_ADM_A_18,/proj/uppstore2017185/b2014034/private/raw_data/Vanessa/Vcardui_RNA_migration/P20253/P20253_266/02-FASTQ/210813_A00621_0463_BHCYNTDSX2/P20253_266_S65_L001_R1_001.fastq.gz,/proj/uppstore2017185/b2014034/private/raw_data/Vanessa/Vcardui_RNA_migration/P20253/P20253_266/02-FASTQ/210813_A00621_0463_BHCYNTDSX2/P20253_266_S65_L001_R2_001.fastq.gz,unstranded
HDLI_PM_H_3,/proj/uppstore2017185/b2014034/private/raw_data/Vanessa/Vcardui_RNA_migration/P20253/P20253_219/02-FASTQ/210813_A00621_0463_BHCYNTDSX2/P20253_219_S142_L002_R1_001.fastq.gz,/proj/uppstore2017185/b2014034/private/raw_data/Vanessa/Vcardui_RNA_migration/P20253/P20253_219/02-FASTQ/210813_A00621_0463_BHCYNTDSX2/P20253_219_S142_L002_R2_001.fastq.gz,unstranded
HDLI_III_H_1,/proj/uppstore2017185/b2014034/private/raw_data/Vanessa/Vcardui_RNA_migration/P20253/P20253_117/02-FASTQ/210813_A00621_0463_BHCYNTDSX2/P20253_117_S86_L002_R1_001.fastq.gz,/proj/uppstore2017185/b2014034/private/raw_data/Vanessa/Vcardui_RNA_migration/P20253/P20253_117/02-FASTQ/210813_A00621_0463_BHCYNTDSX2/P20253_117_S86_L002_R2_001.fastq.gz,unstranded
HDAL_ADF_H_3,/proj/uppstore2017185/b2014034/private/raw_data/Vanessa/Vcardui_RNA_migration/P20253/P20253_255/02-FASTQ/210813_A00621_0463_BHCYNTDSX2/P20253_255_S55_L001_R1_001.fastq.gz,/proj/uppstore2017185/b2014034/private/raw_data/Vanessa/Vcardui_RNA_migration/P20253/P20253_255/02-FASTQ/210813_A00621_0463_BHCYNTDSX2/P20253_255_S55_L001_R2_001.fastq.gz,unstranded
HDAL_PMB_H_1,/proj/uppstore2017185/b2014034/private/raw_data/Vanessa/Vcardui_RNA_migration/P20253/P20253_203/02-FASTQ/210813_A00621_0463_BHCYNTDSX2/P20253_203_S126_L002_R1_001.fastq.gz,/proj/uppstore2017185/b2014034/private/raw_data/Vanessa/Vcardui_RNA_migration/P20253/P20253_203/02-FASTQ/210813_A00621_0463_BHCYNTDSX2/P20253_203_S126_L002_R2_001.fastq.gz,unstranded
HDAL_III_H_3,/proj/uppstore2017185/b2014034/private/raw_data/Vanessa/Vcardui_RNA_migration/P20253/P20253_103/02-FASTQ/210813_A00621_0463_BHCYNTDSX2/P20253_103_S75_L002_R1_001.fastq.gz,/proj/uppstore2017185/b2014034/private/raw_data/Vanessa/Vcardui_RNA_migration/P20253/P20253_103/02-FASTQ/210813_A00621_0463_BHCYNTDSX2/P20253_103_S75_L002_R2_001.fastq.gz,unstranded
HDLI_V_H_1,/proj/uppstore2017185/b2014034/private/raw_data/Vanessa/Vcardui_RNA_migration/P20253/P20253_125/02-FASTQ/210813_A00621_0463_BHCYNTDSX2/P20253_125_S90_L002_R1_001.fastq.gz,/proj/uppstore2017185/b2014034/private/raw_data/Vanessa/Vcardui_RNA_migration/P20253/P20253_125/02-FASTQ/210813_A00621_0463_BHCYNTDSX2/P20253_125_S90_L002_R2_001.fastq.gz,unstranded
LDAL_ADF_H_18,/proj/uppstore2017185/b2014034/private/raw_data/Vanessa/Vcardui_RNA_migration/P20253/P20253_273/02-FASTQ/210813_A00621_0463_BHCYNTDSX2/P20253_273_S71_L001_R1_001.fastq.gz,/proj/uppstore2017185/b2014034/private/raw_data/Vanessa/Vcardui_RNA_migration/P20253/P20253_273/02-FASTQ/210813_A00621_0463_BHCYNTDSX2/P20253_273_S71_L001_R2_001.fastq.gz,unstranded
HDLI_ADF_H_3,/proj/uppstore2017185/b2014034/private/raw_data/Vanessa/Vcardui_RNA_migration/P20253/P20253_173/02-FASTQ/210813_A00621_0463_BHCYNTDSX2/P20253_173_S21_L001_R1_001.fastq.gz,/proj/uppstore2017185/b2014034/private/raw_data/Vanessa/Vcardui_RNA_migration/P20253/P20253_173/02-FASTQ/210813_A00621_0463_BHCYNTDSX2/P20253_173_S21_L001_R2_001.fastq.gz,unstranded
LDAL_PF_H_1,/proj/uppstore2017185/b2014034/private/raw_data/Vanessa/Vcardui_RNA_migration/P20253/P20253_241/02-FASTQ/210813_A00621_0463_BHCYNTDSX2/P20253_241_S41_L001_R1_001.fastq.gz,/proj/uppstore2017185/b2014034/private/raw_data/Vanessa/Vcardui_RNA_migration/P20253/P20253_241/02-FASTQ/210813_A00621_0463_BHCYNTDSX2/P20253_241_S41_L001_R2_001.fastq.gz,unstranded
HDLI_PM_H_4,/proj/uppstore2017185/b2014034/private/raw_data/Vanessa/Vcardui_RNA_migration/P20253/P20253_221/02-FASTQ/210813_A00621_0463_BHCYNTDSX2/P20253_221_S144_L002_R1_001.fastq.gz,/proj/uppstore2017185/b2014034/private/raw_data/Vanessa/Vcardui_RNA_migration/P20253/P20253_221/02-FASTQ/210813_A00621_0463_BHCYNTDSX2/P20253_221_S144_L002_R2_001.fastq.gz,unstranded
HDAL_III_H_4,/proj/uppstore2017185/b2014034/private/raw_data/Vanessa/Vcardui_RNA_migration/P20253/P20253_105/02-FASTQ/210813_A00621_0463_BHCYNTDSX2/P20253_105_S2_L001_R1_001.fastq.gz,/proj/uppstore2017185/b2014034/private/raw_data/Vanessa/Vcardui_RNA_migration/P20253/P20253_105/02-FASTQ/210813_A00621_0463_BHCYNTDSX2/P20253_105_S2_L001_R2_001.fastq.gz,unstranded
HDLI_PF_A_18,/proj/uppstore2017185/b2014034/private/raw_data/Vanessa/Vcardui_RNA_migration/P20253/P20253_232/02-FASTQ/210813_A00621_0463_BHCYNTDSX2/P20253_232_S32_L001_R1_001.fastq.gz,/proj/uppstore2017185/b2014034/private/raw_data/Vanessa/Vcardui_RNA_migration/P20253/P20253_232/02-FASTQ/210813_A00621_0463_BHCYNTDSX2/P20253_232_S32_L001_R2_001.fastq.gz,unstranded
HDLI_V_H_4,/proj/uppstore2017185/b2014034/private/raw_data/Vanessa/Vcardui_RNA_migration/P20253/P20253_129/02-FASTQ/210813_A00621_0463_BHCYNTDSX2/P20253_129_S9_L001_R1_001.fastq.gz,/proj/uppstore2017185/b2014034/private/raw_data/Vanessa/Vcardui_RNA_migration/P20253/P20253_129/02-FASTQ/210813_A00621_0463_BHCYNTDSX2/P20253_129_S9_L001_R2_001.fastq.gz,unstranded
HDAL_ADM_A_18,/proj/uppstore2017185/b2014034/private/raw_data/Vanessa/Vcardui_RNA_migration/P20253/P20253_252/02-FASTQ/210813_A00621_0463_BHCYNTDSX2/P20253_252_S52_L001_R1_001.fastq.gz,/proj/uppstore2017185/b2014034/private/raw_data/Vanessa/Vcardui_RNA_migration/P20253/P20253_252/02-FASTQ/210813_A00621_0463_BHCYNTDSX2/P20253_252_S52_L001_R2_001.fastq.gz,unstranded
HDAL_PM_H_18,/proj/uppstore2017185/b2014034/private/raw_data/Vanessa/Vcardui_RNA_migration/P20253/P20253_207/02-FASTQ/210813_A00621_0463_BHCYNTDSX2/P20253_207_S130_L002_R1_001.fastq.gz,/proj/uppstore2017185/b2014034/private/raw_data/Vanessa/Vcardui_RNA_migration/P20253/P20253_207/02-FASTQ/210813_A00621_0463_BHCYNTDSX2/P20253_207_S130_L002_R2_001.fastq.gz,unstranded
LDAL_PF_H_3,/proj/uppstore2017185/b2014034/private/raw_data/Vanessa/Vcardui_RNA_migration/P20253/P20253_243/02-FASTQ/210813_A00621_0463_BHCYNTDSX2/P20253_243_S43_L001_R1_001.fastq.gz,/proj/uppstore2017185/b2014034/private/raw_data/Vanessa/Vcardui_RNA_migration/P20253/P20253_243/02-FASTQ/210813_A00621_0463_BHCYNTDSX2/P20253_243_S43_L001_R2_001.fastq.gz,unstranded
HDLI_III_H_4,/proj/uppstore2017185/b2014034/private/raw_data/Vanessa/Vcardui_RNA_migration/P20253/P20253_121/02-FASTQ/210813_A00621_0463_BHCYNTDSX2/P20253_121_S3_L001_R1_001.fastq.gz,/proj/uppstore2017185/b2014034/private/raw_data/Vanessa/Vcardui_RNA_migration/P20253/P20253_121/02-FASTQ/210813_A00621_0463_BHCYNTDSX2/P20253_121_S3_L001_R2_001.fastq.gz,unstranded
LDAL_V_A_18,/proj/uppstore2017185/b2014034/private/raw_data/Vanessa/Vcardui_RNA_migration/P20253/P20253_148/02-FASTQ/210813_A00621_0463_BHCYNTDSX2/P20253_148_S104_L002_R1_001.fastq.gz,/proj/uppstore2017185/b2014034/private/raw_data/Vanessa/Vcardui_RNA_migration/P20253/P20253_148/02-FASTQ/210813_A00621_0463_BHCYNTDSX2/P20253_148_S104_L002_R2_001.fastq.gz,unstranded
HDLI_ADM_H_4,/proj/uppstore2017185/b2014034/private/raw_data/Vanessa/Vcardui_RNA_migration/P20253/P20253_169/02-FASTQ/210813_A00621_0463_BHCYNTDSX2/P20253_169_S121_L002_R1_001.fastq.gz,/proj/uppstore2017185/b2014034/private/raw_data/Vanessa/Vcardui_RNA_migration/P20253/P20253_169/02-FASTQ/210813_A00621_0463_BHCYNTDSX2/P20253_169_S121_L002_R2_001.fastq.gz,unstranded
HDLI_PF_A_3,/proj/uppstore2017185/b2014034/private/raw_data/Vanessa/Vcardui_RNA_migration/P20253/P20253_228/02-FASTQ/210813_A00621_0463_BHCYNTDSX2/P20253_228_S28_L001_R1_001.fastq.gz,/proj/uppstore2017185/b2014034/private/raw_data/Vanessa/Vcardui_RNA_migration/P20253/P20253_228/02-FASTQ/210813_A00621_0463_BHCYNTDSX2/P20253_228_S28_L001_R2_001.fastq.gz,unstranded
HDAL_PF_A_18,/proj/uppstore2017185/b2014034/private/raw_data/Vanessa/Vcardui_RNA_migration/P20253/P20253_216/02-FASTQ/210813_A00621_0463_BHCYNTDSX2/P20253_216_S139_L002_R1_001.fastq.gz,/proj/uppstore2017185/b2014034/private/raw_data/Vanessa/Vcardui_RNA_migration/P20253/P20253_216/02-FASTQ/210813_A00621_0463_BHCYNTDSX2/P20253_216_S139_L002_R2_001.fastq.gz,unstranded
HDAL_PM_H_3,/proj/uppstore2017185/b2014034/private/raw_data/Vanessa/Vcardui_RNA_migration/P20253/P20253_205/02-FASTQ/210813_A00621_0463_BHCYNTDSX2/P20253_205_S128_L002_R1_001.fastq.gz,/proj/uppstore2017185/b2014034/private/raw_data/Vanessa/Vcardui_RNA_migration/P20253/P20253_205/02-FASTQ/210813_A00621_0463_BHCYNTDSX2/P20253_205_S128_L002_R2_001.fastq.gz,unstranded
HDLI_ADF_H_18,/proj/uppstore2017185/b2014034/private/raw_data/Vanessa/Vcardui_RNA_migration/P20253/P20253_175/02-FASTQ/210813_A00621_0463_BHCYNTDSX2/P20253_175_S23_L001_R1_001.fastq.gz,/proj/uppstore2017185/b2014034/private/raw_data/Vanessa/Vcardui_RNA_migration/P20253/P20253_175/02-FASTQ/210813_A00621_0463_BHCYNTDSX2/P20253_175_S23_L001_R2_001.fastq.gz,unstranded
HDLI_PF_A_1,/proj/uppstore2017185/b2014034/private/raw_data/Vanessa/Vcardui_RNA_migration/P20253/P20253_226/02-FASTQ/210813_A00621_0463_BHCYNTDSX2/P20253_226_S26_L001_R1_001.fastq.gz,/proj/uppstore2017185/b2014034/private/raw_data/Vanessa/Vcardui_RNA_migration/P20253/P20253_226/02-FASTQ/210813_A00621_0463_BHCYNTDSX2/P20253_226_S26_L001_R2_001.fastq.gz,unstranded
HDAL_ADM_A_1,/proj/uppstore2017185/b2014034/private/raw_data/Vanessa/Vcardui_RNA_migration/P20253/P20253_250/02-FASTQ/210813_A00621_0463_BHCYNTDSX2/P20253_250_S50_L001_R1_001.fastq.gz,/proj/uppstore2017185/b2014034/private/raw_data/Vanessa/Vcardui_RNA_migration/P20253/P20253_250/02-FASTQ/210813_A00621_0463_BHCYNTDSX2/P20253_250_S50_L001_R2_001.fastq.gz,unstranded
HDLI_PM_A_18,/proj/uppstore2017185/b2014034/private/raw_data/Vanessa/Vcardui_RNA_migration/P20253/P20253_224/02-FASTQ/210813_A00621_0463_BHCYNTDSX2/P20253_224_S25_L001_R1_001.fastq.gz,/proj/uppstore2017185/b2014034/private/raw_data/Vanessa/Vcardui_RNA_migration/P20253/P20253_224/02-FASTQ/210813_A00621_0463_BHCYNTDSX2/P20253_224_S25_L001_R2_001.fastq.gz,unstranded
HDAL_ADF_A_18,/proj/uppstore2017185/b2014034/private/raw_data/Vanessa/Vcardui_RNA_migration/P20253/P20253_258/02-FASTQ/210813_A00621_0463_BHCYNTDSX2/P20253_258_S58_L001_R1_001.fastq.gz,/proj/uppstore2017185/b2014034/private/raw_data/Vanessa/Vcardui_RNA_migration/P20253/P20253_258/02-FASTQ/210813_A00621_0463_BHCYNTDSX2/P20253_258_S58_L001_R2_001.fastq.gz,unstranded
LDAL_PM_A_3,/proj/uppstore2017185/b2014034/private/raw_data/Vanessa/Vcardui_RNA_migration/P20253/P20253_236/02-FASTQ/210813_A00621_0463_BHCYNTDSX2/P20253_236_S36_L001_R1_001.fastq.gz,/proj/uppstore2017185/b2014034/private/raw_data/Vanessa/Vcardui_RNA_migration/P20253/P20253_236/02-FASTQ/210813_A00621_0463_BHCYNTDSX2/P20253_236_S36_L001_R2_001.fastq.gz,unstranded
LDAL_PM_A_1,/proj/uppstore2017185/b2014034/private/raw_data/Vanessa/Vcardui_RNA_migration/P20253/P20253_234/02-FASTQ/210813_A00621_0463_BHCYNTDSX2/P20253_234_S34_L001_R1_001.fastq.gz,/proj/uppstore2017185/b2014034/private/raw_data/Vanessa/Vcardui_RNA_migration/P20253/P20253_234/02-FASTQ/210813_A00621_0463_BHCYNTDSX2/P20253_234_S34_L001_R2_001.fastq.gz,unstranded
HDLI_ADM_H_18,/proj/uppstore2017185/b2014034/private/raw_data/Vanessa/Vcardui_RNA_migration/P20253/P20253_171/02-FASTQ/210813_A00621_0463_BHCYNTDSX2/P20253_171_S19_L001_R1_001.fastq.gz,/proj/uppstore2017185/b2014034/private/raw_data/Vanessa/Vcardui_RNA_migration/P20253/P20253_171/02-FASTQ/210813_A00621_0463_BHCYNTDSX2/P20253_171_S19_L001_R2_001.fastq.gz,unstranded
HDLI_PF_A_4,/proj/uppstore2017185/b2014034/private/raw_data/Vanessa/Vcardui_RNA_migration/P20253/P20253_230/02-FASTQ/210813_A00621_0463_BHCYNTDSX2/P20253_230_S30_L001_R1_001.fastq.gz,/proj/uppstore2017185/b2014034/private/raw_data/Vanessa/Vcardui_RNA_migration/P20253/P20253_230/02-FASTQ/210813_A00621_0463_BHCYNTDSX2/P20253_230_S30_L001_R2_001.fastq.gz,unstranded
LDAL_V_A_1,/proj/uppstore2017185/b2014034/private/raw_data/Vanessa/Vcardui_RNA_migration/P20253/P20253_142/02-FASTQ/210813_A00621_0463_BHCYNTDSX2/P20253_142_S99_L002_R1_001.fastq.gz,/proj/uppstore2017185/b2014034/private/raw_data/Vanessa/Vcardui_RNA_migration/P20253/P20253_142/02-FASTQ/210813_A00621_0463_BHCYNTDSX2/P20253_142_S99_L002_R2_001.fastq.gz,unstranded
LDAL_III_A_4,/proj/uppstore2017185/b2014034/private/raw_data/Vanessa/Vcardui_RNA_migration/P20253/P20253_138/02-FASTQ/210813_A00621_0463_BHCYNTDSX2/P20253_138_S95_L002_R1_001.fastq.gz,/proj/uppstore2017185/b2014034/private/raw_data/Vanessa/Vcardui_RNA_migration/P20253/P20253_138/02-FASTQ/210813_A00621_0463_BHCYNTDSX2/P20253_138_S95_L002_R2_001.fastq.gz,unstranded
HDAL_PF_A_1,/proj/uppstore2017185/b2014034/private/raw_data/Vanessa/Vcardui_RNA_migration/P20253/P20253_210/02-FASTQ/210813_A00621_0463_BHCYNTDSX2/P20253_210_S133_L002_R1_001.fastq.gz,/proj/uppstore2017185/b2014034/private/raw_data/Vanessa/Vcardui_RNA_migration/P20253/P20253_210/02-FASTQ/210813_A00621_0463_BHCYNTDSX2/P20253_210_S133_L002_R2_001.fastq.gz,unstranded
HDAL_V_H_4,/proj/uppstore2017185/b2014034/private/raw_data/Vanessa/Vcardui_RNA_migration/P20253/P20253_113/02-FASTQ/210813_A00621_0463_BHCYNTDSX2/P20253_113_S82_L002_R1_001.fastq.gz,/proj/uppstore2017185/b2014034/private/raw_data/Vanessa/Vcardui_RNA_migration/P20253/P20253_113/02-FASTQ/210813_A00621_0463_BHCYNTDSX2/P20253_113_S82_L002_R2_001.fastq.gz,unstranded
LDAL_ADF_H_4,/proj/uppstore2017185/b2014034/private/raw_data/Vanessa/Vcardui_RNA_migration/P20253/P20253_271/02-FASTQ/210813_A00621_0463_BHCYNTDSX2/P20253_271_S69_L001_R1_001.fastq.gz,/proj/uppstore2017185/b2014034/private/raw_data/Vanessa/Vcardui_RNA_migration/P20253/P20253_271/02-FASTQ/210813_A00621_0463_BHCYNTDSX2/P20253_271_S69_L001_R2_001.fastq.gz,unstranded
LI_ADF_A_8,/proj/uppstore2017185/b2014034/private/raw_data/Vanessa/Vcardui_RNA_migration/P20253/P20253_160/02-FASTQ/210813_A00621_0463_BHCYNTDSX2/P20253_160_S113_L002_R1_001.fastq.gz,/proj/uppstore2017185/b2014034/private/raw_data/Vanessa/Vcardui_RNA_migration/P20253/P20253_160/02-FASTQ/210813_A00621_0463_BHCYNTDSX2/P20253_160_S113_L002_R2_001.fastq.gz,unstranded
LDAL_PM_H_18,/proj/uppstore2017185/b2014034/private/raw_data/Vanessa/Vcardui_RNA_migration/P20253/P20253_239/02-FASTQ/210813_A00621_0463_BHCYNTDSX2/P20253_239_S39_L001_R1_001.fastq.gz,/proj/uppstore2017185/b2014034/private/raw_data/Vanessa/Vcardui_RNA_migration/P20253/P20253_239/02-FASTQ/210813_A00621_0463_BHCYNTDSX2/P20253_239_S39_L001_R2_001.fastq.gz,unstranded
LDAL_V_A_3,/proj/uppstore2017185/b2014034/private/raw_data/Vanessa/Vcardui_RNA_migration/P20253/P20253_144/02-FASTQ/210813_A00621_0463_BHCYNTDSX2/P20253_144_S15_L001_R1_001.fastq.gz,/proj/uppstore2017185/b2014034/private/raw_data/Vanessa/Vcardui_RNA_migration/P20253/P20253_144/02-FASTQ/210813_A00621_0463_BHCYNTDSX2/P20253_144_S15_L001_R2_001.fastq.gz,unstranded
HDAL_PF_A_3,/proj/uppstore2017185/b2014034/private/raw_data/Vanessa/Vcardui_RNA_migration/P20253/P20253_212/02-FASTQ/210813_A00621_0463_BHCYNTDSX2/P20253_212_S135_L002_R1_001.fastq.gz,/proj/uppstore2017185/b2014034/private/raw_data/Vanessa/Vcardui_RNA_migration/P20253/P20253_212/02-FASTQ/210813_A00621_0463_BHCYNTDSX2/P20253_212_S135_L002_R2_001.fastq.gz,unstranded
AL_ADF_A_7,/proj/uppstore2017185/b2014034/private/raw_data/Vanessa/Vcardui_RNA_migration/P20253/P20253_152/02-FASTQ/210813_A00621_0463_BHCYNTDSX2/P20253_152_S16_L001_R1_001.fastq.gz,/proj/uppstore2017185/b2014034/private/raw_data/Vanessa/Vcardui_RNA_migration/P20253/P20253_152/02-FASTQ/210813_A00621_0463_BHCYNTDSX2/P20253_152_S16_L001_R2_001.fastq.gz,unstranded
LDAL_ADF_H_1,/proj/uppstore2017185/b2014034/private/raw_data/Vanessa/Vcardui_RNA_migration/P20253/P20253_267/02-FASTQ/210813_A00621_0463_BHCYNTDSX2/P20253_267_S66_L001_R1_001.fastq.gz,/proj/uppstore2017185/b2014034/private/raw_data/Vanessa/Vcardui_RNA_migration/P20253/P20253_267/02-FASTQ/210813_A00621_0463_BHCYNTDSX2/P20253_267_S66_L001_R2_001.fastq.gz,unstranded
LDAL_PF_A_18,/proj/uppstore2017185/b2014034/private/raw_data/Vanessa/Vcardui_RNA_migration/P20253/P20253_248/02-FASTQ/210813_A00621_0463_BHCYNTDSX2/P20253_248_S48_L001_R1_001.fastq.gz,/proj/uppstore2017185/b2014034/private/raw_data/Vanessa/Vcardui_RNA_migration/P20253/P20253_248/02-FASTQ/210813_A00621_0463_BHCYNTDSX2/P20253_248_S48_L001_R2_001.fastq.gz,unstranded
LDAL_ADM_H_18,/proj/uppstore2017185/b2014034/private/raw_data/Vanessa/Vcardui_RNA_migration/P20253/P20253_265/02-FASTQ/210813_A00621_0463_BHCYNTDSX2/P20253_265_S64_L001_R1_001.fastq.gz,/proj/uppstore2017185/b2014034/private/raw_data/Vanessa/Vcardui_RNA_migration/P20253/P20253_265/02-FASTQ/210813_A00621_0463_BHCYNTDSX2/P20253_265_S64_L001_R2_001.fastq.gz,unstranded
LDAL_V_A_4,/proj/uppstore2017185/b2014034/private/raw_data/Vanessa/Vcardui_RNA_migration/P20253/P20253_146/02-FASTQ/210813_A00621_0463_BHCYNTDSX2/P20253_146_S102_L002_R1_001.fastq.gz,/proj/uppstore2017185/b2014034/private/raw_data/Vanessa/Vcardui_RNA_migration/P20253/P20253_146/02-FASTQ/210813_A00621_0463_BHCYNTDSX2/P20253_146_S102_L002_R2_001.fastq.gz,unstranded
LDAL_III_A_1,/proj/uppstore2017185/b2014034/private/raw_data/Vanessa/Vcardui_RNA_migration/P20253/P20253_134/02-FASTQ/210813_A00621_0463_BHCYNTDSX2/P20253_134_S94_L002_R1_001.fastq.gz,/proj/uppstore2017185/b2014034/private/raw_data/Vanessa/Vcardui_RNA_migration/P20253/P20253_134/02-FASTQ/210813_A00621_0463_BHCYNTDSX2/P20253_134_S94_L002_R2_001.fastq.gz,unstranded
HDAL_PF_A_4,/proj/uppstore2017185/b2014034/private/raw_data/Vanessa/Vcardui_RNA_migration/P20253/P20253_214/02-FASTQ/210813_A00621_0463_BHCYNTDSX2/P20253_214_S137_L002_R1_001.fastq.gz,/proj/uppstore2017185/b2014034/private/raw_data/Vanessa/Vcardui_RNA_migration/P20253/P20253_214/02-FASTQ/210813_A00621_0463_BHCYNTDSX2/P20253_214_S137_L002_R2_001.fastq.gz,unstranded
HDAL_V_H_1,/proj/uppstore2017185/b2014034/private/raw_data/Vanessa/Vcardui_RNA_migration/P20253/P20253_109/02-FASTQ/210813_A00621_0463_BHCYNTDSX2/P20253_109_S78_L002_R1_001.fastq.gz,/proj/uppstore2017185/b2014034/private/raw_data/Vanessa/Vcardui_RNA_migration/P20253/P20253_109/02-FASTQ/210813_A00621_0463_BHCYNTDSX2/P20253_109_S78_L002_R2_001.fastq.gz,unstranded
LDAL_ADF_H_3,/proj/uppstore2017185/b2014034/private/raw_data/Vanessa/Vcardui_RNA_migration/P20253/P20253_269/02-FASTQ/210813_A00621_0463_BHCYNTDSX2/P20253_269_S68_L001_R1_001.fastq.gz,/proj/uppstore2017185/b2014034/private/raw_data/Vanessa/Vcardui_RNA_migration/P20253/P20253_269/02-FASTQ/210813_A00621_0463_BHCYNTDSX2/P20253_269_S68_L001_R2_001.fastq.gz,unstranded
AL_ADF_A_3,/proj/uppstore2017185/b2014034/private/raw_data/Vanessa/Vcardui_RNA_migration/P20253/P20253_150/02-FASTQ/210813_A00621_0463_BHCYNTDSX2/P20253_150_S106_L002_R1_001.fastq.gz,/proj/uppstore2017185/b2014034/private/raw_data/Vanessa/Vcardui_RNA_migration/P20253/P20253_150/02-FASTQ/210813_A00621_0463_BHCYNTDSX2/P20253_150_S106_L002_R2_001.fastq.gz,unstranded
LDAL_ADF_A_18,/proj/uppstore2017185/b2014034/private/raw_data/Vanessa/Vcardui_RNA_migration/P20253/P20253_274/02-FASTQ/210813_A00621_0463_BHCYNTDSX2/P20253_274_S72_L001_R1_001.fastq.gz,/proj/uppstore2017185/b2014034/private/raw_data/Vanessa/Vcardui_RNA_migration/P20253/P20253_274/02-FASTQ/210813_A00621_0463_BHCYNTDSX2/P20253_274_S72_L001_R2_001.fastq.gz,unstranded
LDAL_III_A_3,/proj/uppstore2017185/b2014034/private/raw_data/Vanessa/Vcardui_RNA_migration/P20253/P20253_136/02-FASTQ/210813_A00621_0463_BHCYNTDSX2/P20253_136_S13_L001_R1_001.fastq.gz,/proj/uppstore2017185/b2014034/private/raw_data/Vanessa/Vcardui_RNA_migration/P20253/P20253_136/02-FASTQ/210813_A00621_0463_BHCYNTDSX2/P20253_136_S13_L001_R2_001.fastq.gz,unstranded
HDAL_V_H_3,/proj/uppstore2017185/b2014034/private/raw_data/Vanessa/Vcardui_RNA_migration/P20253/P20253_111/02-FASTQ/210813_A00621_0463_BHCYNTDSX2/P20253_111_S80_L002_R1_001.fastq.gz,/proj/uppstore2017185/b2014034/private/raw_data/Vanessa/Vcardui_RNA_migration/P20253/P20253_111/02-FASTQ/210813_A00621_0463_BHCYNTDSX2/P20253_111_S80_L002_R2_001.fastq.gz,unstranded
HDLI_ADM_A_4,/proj/uppstore2017185/b2014034/private/raw_data/Vanessa/Vcardui_RNA_migration/P20253/P20253_170/02-FASTQ/210813_A00621_0463_BHCYNTDSX2/P20253_170_S122_L002_R1_001.fastq.gz,/proj/uppstore2017185/b2014034/private/raw_data/Vanessa/Vcardui_RNA_migration/P20253/P20253_170/02-FASTQ/210813_A00621_0463_BHCYNTDSX2/P20253_170_S122_L002_R2_001.fastq.gz,unstranded
HDLI_PF_H_18,/proj/uppstore2017185/b2014034/private/raw_data/Vanessa/Vcardui_RNA_migration/P20253/P20253_231/02-FASTQ/210813_A00621_0463_BHCYNTDSX2/P20253_231_S31_L001_R1_001.fastq.gz,/proj/uppstore2017185/b2014034/private/raw_data/Vanessa/Vcardui_RNA_migration/P20253/P20253_231/02-FASTQ/210813_A00621_0463_BHCYNTDSX2/P20253_231_S31_L001_R2_001.fastq.gz,unstranded
HDAL_ADM_H_18,/proj/uppstore2017185/b2014034/private/raw_data/Vanessa/Vcardui_RNA_migration/P20253/P20253_251/02-FASTQ/210813_A00621_0463_BHCYNTDSX2/P20253_251_S51_L001_R1_001.fastq.gz,/proj/uppstore2017185/b2014034/private/raw_data/Vanessa/Vcardui_RNA_migration/P20253/P20253_251/02-FASTQ/210813_A00621_0463_BHCYNTDSX2/P20253_251_S51_L001_R2_001.fastq.gz,unstranded
HDAL_PM_A_18,/proj/uppstore2017185/b2014034/private/raw_data/Vanessa/Vcardui_RNA_migration/P20253/P20253_208/02-FASTQ/210813_A00621_0463_BHCYNTDSX2/P20253_208_S131_L002_R1_001.fastq.gz,/proj/uppstore2017185/b2014034/private/raw_data/Vanessa/Vcardui_RNA_migration/P20253/P20253_208/02-FASTQ/210813_A00621_0463_BHCYNTDSX2/P20253_208_S131_L002_R2_001.fastq.gz,unstranded
LDAL_V_H_18,/proj/uppstore2017185/b2014034/private/raw_data/Vanessa/Vcardui_RNA_migration/P20253/P20253_147/02-FASTQ/210813_A00621_0463_BHCYNTDSX2/P20253_147_S103_L002_R1_001.fastq.gz,/proj/uppstore2017185/b2014034/private/raw_data/Vanessa/Vcardui_RNA_migration/P20253/P20253_147/02-FASTQ/210813_A00621_0463_BHCYNTDSX2/P20253_147_S103_L002_R2_001.fastq.gz,unstranded
HDAL_PF_H_18,/proj/uppstore2017185/b2014034/private/raw_data/Vanessa/Vcardui_RNA_migration/P20253/P20253_215/02-FASTQ/210813_A00621_0463_BHCYNTDSX2/P20253_215_S138_L002_R1_001.fastq.gz,/proj/uppstore2017185/b2014034/private/raw_data/Vanessa/Vcardui_RNA_migration/P20253/P20253_215/02-FASTQ/210813_A00621_0463_BHCYNTDSX2/P20253_215_S138_L002_R2_001.fastq.gz,unstranded
AL_ADF_A_9,/proj/uppstore2017185/b2014034/private/raw_data/Vanessa/Vcardui_RNA_migration/P20253/P20253_154/02-FASTQ/210813_A00621_0463_BHCYNTDSX2/P20253_154_S109_L002_R1_001.fastq.gz,/proj/uppstore2017185/b2014034/private/raw_data/Vanessa/Vcardui_RNA_migration/P20253/P20253_154/02-FASTQ/210813_A00621_0463_BHCYNTDSX2/P20253_154_S109_L002_R2_001.fastq.gz,unstranded
LDAL_ADM_A_1,/proj/uppstore2017185/b2014034/private/raw_data/Vanessa/Vcardui_RNA_migration/P20253/P20253_260/02-FASTQ/210813_A00621_0463_BHCYNTDSX2/P20253_260_S60_L001_R1_001.fastq.gz,/proj/uppstore2017185/b2014034/private/raw_data/Vanessa/Vcardui_RNA_migration/P20253/P20253_260/02-FASTQ/210813_A00621_0463_BHCYNTDSX2/P20253_260_S60_L001_R2_001.fastq.gz,unstranded
HDLI_III_H_18,/proj/uppstore2017185/b2014034/private/raw_data/Vanessa/Vcardui_RNA_migration/P20253/P20253_123/02-FASTQ/210813_A00621_0463_BHCYNTDSX2/P20253_123_S5_L001_R1_001.fastq.gz,/proj/uppstore2017185/b2014034/private/raw_data/Vanessa/Vcardui_RNA_migration/P20253/P20253_123/02-FASTQ/210813_A00621_0463_BHCYNTDSX2/P20253_123_S5_L001_R2_001.fastq.gz,unstranded
